"";"Name";"File";"min";"mean";"max";"sd";"incertitude"
"1";"developpement-graph";"2020.04.17.BM.Keyboard.zip";4249,977228;4427,84152767;5028,049659;135,69384278782;22,5251779027781
"2";"developpement-graph";"2020.04.17.BM.MouseClick.zip";2004,373288;2421,83365739;2952,659126;141,714879838378;23,5246700531708
"3";"developpement-graph";"2020.04.17.BM.MouseMove.zip";87,700527;99,44611516;173,167101;12,8164541452776;2,12753138811608
"4";"developpement-graph";"2020.04.17.BM.MouseMoveRecenter.zip";1253,898593;1339,86461327;1675,242288;77,6780288590683;12,8945527906053
"5";"developpement-graph";"2020.04.17.BM.Pad.zip";10614,589428;11027,39349908;11960,604493;250,827453460359;41,6373572744196
"11";"Import-Speedup";"2020.04.17.BM.Keyboard.zip";588,615655;647,68026786;869,62496;47,5849175897568;7,89909631989962
"12";"Import-Speedup";"2020.04.17.BM.MouseClick.zip";409,846077;452,60273861;594,643001;30,4048283266761;5,04720150222824
"13";"Import-Speedup";"2020.04.17.BM.MouseMove.zip";290,383253;463,53154705;1191,85994;170,274749211166;28,2656083690535
"14";"Import-Speedup";"2020.04.17.BM.MouseMoveRecenter.zip";278,604717;468,17005071;1103,764526;160,426260004407;26,6307591607315
"15";"Import-Speedup";"2020.04.17.BM.Pad.zip";732,349517;827,0898848;1277,469939;89,8841838421107;14,9207745177904
"16";"developpement";"2020.04.17.BM.Keyboard.zip";575,070387;623,01519035;842,617891;45,1890720221894;7,50138595568345
"21";"developpement";"2020.04.17.BM.MouseClick.zip";398,091087;446,51093123;603,118423;30,861693220244;5,12304107456051
"31";"developpement";"2020.04.17.BM.MouseMove.zip";296,482706;443,84290057;1195,749624;164,910729544622;27,3751811044072
"41";"developpement";"2020.04.17.BM.MouseMoveRecenter.zip";283,382739;431,20131804;1100,617617;164,766867116889;27,3512999414036
"51";"developpement";"2020.04.17.BM.Pad.zip";672,693258;766,66359684;1033,13176;68,4193005567744;11,3576038924245
